# title|year|runtime|certification|genres(;)|director|cast(;)|studio|country|language|rating|votesK|budgetM|grossM|synopsis
# Approximate figures for demo purposes only. Synopses are original one-liners.
Gone with the Wind|1939|238|G|Drama;Romance;History|Victor Fleming|Vivien Leigh;Clark Gable;Olivia de Havilland|MGM|USA|English|8.1|340|3.9|402|A headstrong Southern belle fights to hold on to her family land and her love through the Civil War.
The Wizard of Oz|1939|102|G|Fantasy;Family;Musical|Victor Fleming|Judy Garland;Ray Bolger;Bert Lahr|MGM|USA|English|8.1|450|2.8|33|A Kansas girl swept to a magical land follows a yellow road to find her way home.
Citizen Kane|1941|119|PG|Drama;Mystery|Orson Welles|Orson Welles;Joseph Cotten;Dorothy Comingore|RKO|USA|English|8.3|470|0.8|1.6|Reporters chase the meaning of a dying media tycoon's last word.
Casablanca|1942|102|PG|Drama;Romance;War|Michael Curtiz|Humphrey Bogart;Ingrid Bergman;Paul Henreid|Warner Bros.|USA|English|8.5|600|1|4.2|A cynical bar owner in wartime Morocco must choose between love and a larger cause.
It's a Wonderful Life|1946|130|PG|Drama;Family;Fantasy|Frank Capra|James Stewart;Donna Reed;Lionel Barrymore|RKO|USA|English|8.6|480|3.2|3.3|An angel shows a despairing small-town banker what the world would be without him.
Singin' in the Rain|1952|103|G|Musical;Comedy;Romance|Stanley Donen|Gene Kelly;Debbie Reynolds;Donald O'Connor|MGM|USA|English|8.3|240|2.5|7.2|Hollywood scrambles to move from silent films to talkies.
Rear Window|1954|112|PG|Mystery;Thriller|Alfred Hitchcock|James Stewart;Grace Kelly;Raymond Burr|Paramount|USA|English|8.5|520|1|36|A photographer stuck in a cast watches his neighbors and suspects a murder.
Seven Samurai|1954|207|NR|Action;Drama;Adventure|Akira Kurosawa|Toshiro Mifune;Takashi Shimura;Keiko Tsushima|Toho|Japan|Japanese|8.6|380|0.5|0.3|Villagers hire wandering samurai to defend their harvest from bandits.
12 Angry Men|1957|96|NR|Crime;Drama|Sidney Lumet|Henry Fonda;Lee J. Cobb;Martin Balsam|United Artists|USA|English|9|830|0.35|2|A lone juror forces eleven others to reconsider a murder verdict.
Vertigo|1958|128|PG|Mystery;Romance;Thriller|Alfred Hitchcock|James Stewart;Kim Novak;Barbara Bel Geddes|Paramount|USA|English|8.3|430|2.5|7.3|A retired detective with a fear of heights becomes obsessed with a woman he is hired to follow.
Psycho|1960|109|R|Horror;Thriller;Mystery|Alfred Hitchcock|Anthony Perkins;Janet Leigh;Vera Miles|Paramount|USA|English|8.5|730|0.8|50|A runaway secretary checks into a remote motel run by a shy young man and his mother.
La Dolce Vita|1960|174|NR|Drama;Comedy|Federico Fellini|Marcello Mastroianni;Anita Ekberg;Anouk Aimee|Riama Film|Italy|Italian|8|85|1.5|19|A journalist drifts through a week of Roman nightlife in search of meaning.
Lawrence of Arabia|1962|228|PG|Adventure;Biography;War|David Lean|Peter O'Toole;Alec Guinness;Omar Sharif|Columbia|UK|English|8.3|310|15|70|A British officer unites Arab tribes against the Ottoman Empire.
Dr. Strangelove|1964|95|PG|Comedy;War|Stanley Kubrick|Peter Sellers;George C. Scott;Sterling Hayden|Columbia|UK|English|8.4|520|1.8|9.4|A rogue general triggers nuclear war while politicians argue in the war room.
The Good, the Bad and the Ugly|1966|178|R|Western;Adventure|Sergio Leone|Clint Eastwood;Eli Wallach;Lee Van Cleef|United Artists|Italy|Italian|8.8|820|1.2|38|Three gunmen race across the Civil War West for buried gold.
2001: A Space Odyssey|1968|149|G|Sci-Fi;Adventure|Stanley Kubrick|Keir Dullea;Gary Lockwood;William Sylvester|MGM|UK|English|8.3|710|10.5|146|An expedition to Jupiter goes wrong when the ship's computer turns on its crew.
The Godfather|1972|175|R|Crime;Drama|Francis Ford Coppola|Marlon Brando;Al Pacino;James Caan|Paramount|USA|English|9.2|2000|6|250|The aging head of a crime family hands his empire to his reluctant son.
A Clockwork Orange|1971|136|R|Crime;Sci-Fi;Drama|Stanley Kubrick|Malcolm McDowell;Patrick Magee;Adrienne Corri|Warner Bros.|UK|English|8.3|880|2.2|26|A violent young man is subjected to experimental aversion therapy.
The Godfather Part II|1974|202|R|Crime;Drama|Francis Ford Coppola|Al Pacino;Robert De Niro;Robert Duvall|Paramount|USA|English|9|1400|13|93|Michael Corleone tightens his grip while young Vito builds the family in New York.
Chinatown|1974|130|R|Mystery;Thriller;Crime|Roman Polanski|Jack Nicholson;Faye Dunaway;John Huston|Paramount|USA|English|8.1|340|6|29|A private eye uncovers corruption around Los Angeles water.
Jaws|1975|124|PG|Thriller;Adventure|Steven Spielberg|Roy Scheider;Robert Shaw;Richard Dreyfuss|Universal|USA|English|8.1|650|9|476|A police chief, a biologist and a fisherman hunt a great white terrorizing a beach town.
One Flew Over the Cuckoo's Nest|1975|133|R|Drama|Milos Forman|Jack Nicholson;Louise Fletcher;Brad Dourif|United Artists|USA|English|8.7|1100|4.4|109|A rebellious patient challenges the rigid order of a mental hospital.
Taxi Driver|1976|114|R|Crime;Drama|Martin Scorsese|Robert De Niro;Jodie Foster;Cybill Shepherd|Columbia|USA|English|8.2|900|1.9|28|A lonely veteran working night shifts in New York slides toward violence.
Star Wars|1977|121|PG|Sci-Fi;Adventure;Fantasy|George Lucas|Mark Hamill;Harrison Ford;Carrie Fisher|Lucasfilm|USA|English|8.6|1400|11|775|A farm boy joins a smuggler and a princess to fight a galactic empire.
Alien|1979|117|R|Horror;Sci-Fi|Ridley Scott|Sigourney Weaver;Tom Skerritt;John Hurt|20th Century Fox|UK|English|8.5|950|11|104|A space freighter crew is hunted by a creature that came aboard.
Apocalypse Now|1979|147|R|War;Drama|Francis Ford Coppola|Martin Sheen;Marlon Brando;Robert Duvall|United Artists|USA|English|8.4|700|31.5|150|A captain travels upriver into Vietnam to find a colonel who has gone rogue.
The Empire Strikes Back|1980|124|PG|Sci-Fi;Adventure;Fantasy|Irvin Kershner|Mark Hamill;Harrison Ford;Carrie Fisher|Lucasfilm|USA|English|8.7|1400|33|538|The rebels scatter as Luke trains with a hermit master and Vader closes in.
The Shining|1980|146|R|Horror;Thriller|Stanley Kubrick|Jack Nicholson;Shelley Duvall;Danny Lloyd|Warner Bros.|UK|English|8.4|1100|19|47|A caretaker and his family are snowed in at a haunted hotel.
Raiders of the Lost Ark|1981|115|PG|Action;Adventure|Steven Spielberg|Harrison Ford;Karen Allen;Paul Freeman|Lucasfilm|USA|English|8.4|1000|18|389|An archaeologist races the Nazis to find the legendary Ark of the Covenant.
Blade Runner|1982|117|R|Sci-Fi;Thriller|Ridley Scott|Harrison Ford;Rutger Hauer;Sean Young|Warner Bros.|USA|English|8.1|830|28|41|A retired cop is pulled back to hunt rogue androids in a rain-soaked future Los Angeles.
E.T. the Extra-Terrestrial|1982|115|PG|Sci-Fi;Family|Steven Spielberg|Henry Thomas;Drew Barrymore;Dee Wallace|Universal|USA|English|7.9|420|10.5|792|A lonely boy hides a stranded alien and helps it phone home.
Scarface|1983|170|R|Crime;Drama|Brian De Palma|Al Pacino;Michelle Pfeiffer;Steven Bauer|Universal|USA|English|8.3|1000|25|66|A Cuban refugee rises through Miami's drug trade and destroys himself.
Back to the Future|1985|116|PG|Sci-Fi;Comedy;Adventure|Robert Zemeckis|Michael J. Fox;Christopher Lloyd;Lea Thompson|Universal|USA|English|8.5|1300|19|388|A teenager travels to 1955 in a time-traveling car and must reunite his parents.
Aliens|1986|137|R|Action;Sci-Fi;Horror|James Cameron|Sigourney Weaver;Michael Biehn;Carrie Henn|20th Century Fox|USA|English|8.4|780|18|131|Ripley returns to the moon where the creatures were found, with a squad of marines.
Platoon|1986|120|R|War;Drama|Oliver Stone|Charlie Sheen;Tom Berenger;Willem Dafoe|Orion|USA|English|8.1|440|6|138|A young recruit in Vietnam is caught between two sergeants.
Die Hard|1988|132|R|Action;Thriller|John McTiernan|Bruce Willis;Alan Rickman;Bonnie Bedelia|20th Century Fox|USA|English|8.2|950|28|140|An off-duty cop fights terrorists who seize a Los Angeles skyscraper.
Cinema Paradiso|1988|155|R|Drama;Romance|Giuseppe Tornatore|Philippe Noiret;Salvatore Cascio;Jacques Perrin|Cristaldi Film|Italy|Italian|8.5|270|5|12|A filmmaker remembers the projectionist who shaped his childhood.
Do the Right Thing|1989|120|R|Drama;Comedy|Spike Lee|Danny Aiello;Spike Lee;John Turturro|Universal|USA|English|7.9|110|6|37|Tension rises on the hottest day of the year in a Brooklyn neighborhood.
Goodfellas|1990|145|R|Crime;Biography;Drama|Martin Scorsese|Ray Liotta;Robert De Niro;Joe Pesci|Warner Bros.|USA|English|8.7|1200|25|47|A young hustler rises and falls inside the New York mob.
The Silence of the Lambs|1991|118|R|Thriller;Crime;Horror|Jonathan Demme|Jodie Foster;Anthony Hopkins;Scott Glenn|Orion|USA|English|8.6|1500|19|272|A trainee agent consults an imprisoned cannibal to catch another killer.
Terminator 2: Judgment Day|1991|137|R|Action;Sci-Fi|James Cameron|Arnold Schwarzenegger;Linda Hamilton;Edward Furlong|Carolco|USA|English|8.6|1100|102|520|A reprogrammed machine protects a boy from a shape-shifting assassin.
Unforgiven|1992|130|R|Western;Drama|Clint Eastwood|Clint Eastwood;Gene Hackman;Morgan Freeman|Warner Bros.|USA|English|8.2|400|14.4|159|A retired gunslinger takes one last bounty job.
Jurassic Park|1993|127|PG_13|Sci-Fi;Adventure;Thriller|Steven Spielberg|Sam Neill;Laura Dern;Jeff Goldblum|Universal|USA|English|8.2|1000|63|1030|A theme park of cloned dinosaurs breaks down during a storm.
Schindler's List|1993|195|R|Biography;Drama;History|Steven Spielberg|Liam Neeson;Ben Kingsley;Ralph Fiennes|Universal|USA|English|9|1500|22|322|A businessman saves over a thousand Jewish workers from the Holocaust.
Pulp Fiction|1994|154|R|Crime;Drama|Quentin Tarantino|John Travolta;Samuel L. Jackson;Uma Thurman|Miramax|USA|English|8.9|2200|8|214|Hitmen, a boxer and a gangster's wife cross paths in interwoven Los Angeles stories.
The Shawshank Redemption|1994|142|R|Drama|Frank Darabont|Tim Robbins;Morgan Freeman;Bob Gunton|Columbia|USA|English|9.3|2900|25|29|A banker jailed for murder befriends a fellow inmate and plans his escape.
Forrest Gump|1994|142|PG_13|Drama;Romance|Robert Zemeckis|Tom Hanks;Robin Wright;Gary Sinise|Paramount|USA|English|8.8|2300|55|678|A kind-hearted man drifts through decades of American history.
The Lion King|1994|88|G|Animation;Family;Musical|Roger Allers|Matthew Broderick;Jeremy Irons;James Earl Jones|Disney|USA|English|8.5|1100|45|968|A lion cub flees his kingdom after his father's death and returns to reclaim it.
Se7en|1995|127|R|Crime;Mystery;Thriller|David Fincher|Brad Pitt;Morgan Freeman;Kevin Spacey|New Line Cinema|USA|English|8.6|1700|33|327|Two detectives chase a killer who stages murders around the seven deadly sins.
The Usual Suspects|1995|106|R|Crime;Mystery;Thriller|Bryan Singer|Kevin Spacey;Gabriel Byrne;Chazz Palminteri|PolyGram|USA|English|8.5|1100|6|34|A survivor tells police about a legendary criminal who orchestrated a deadly heist.
Toy Story|1995|81|G|Animation;Family;Comedy|John Lasseter|Tom Hanks;Tim Allen;Don Rickles|Pixar|USA|English|8.3|1100|30|394|A cowboy doll feels threatened when a space ranger becomes his owner's favorite toy.
Braveheart|1995|178|R|Biography;Drama;War|Mel Gibson|Mel Gibson;Sophie Marceau;Patrick McGoohan|Paramount|USA|English|8.3|1100|72|210|A Scottish warrior leads a rebellion against English rule.
Fargo|1996|98|R|Crime;Thriller;Comedy|Joel Coen|Frances McDormand;William H. Macy;Steve Buscemi|PolyGram|USA|English|8.1|720|7|60|A pregnant police chief investigates a kidnapping gone wrong in snowy Minnesota.
Titanic|1997|194|PG_13|Drama;Romance|James Cameron|Leonardo DiCaprio;Kate Winslet;Billy Zane|Paramount|USA|English|7.9|1300|200|2264|A young couple falls in love aboard the ill-fated ocean liner.
Life Is Beautiful|1997|116|PG_13|Comedy;Drama;War|Roberto Benigni|Roberto Benigni;Nicoletta Braschi;Giorgio Cantarini|Melampo Cinematografica|Italy|Italian|8.6|770|20|230|A father shields his son from the horror of a concentration camp with a game.
The Big Lebowski|1998|117|R|Comedy;Crime|Joel Coen|Jeff Bridges;John Goodman;Julianne Moore|PolyGram|USA|English|8.1|830|15|46|A mistaken-identity rug incident drags a slacker bowler into a kidnapping plot.
Saving Private Ryan|1998|169|R|War;Drama|Steven Spielberg|Tom Hanks;Matt Damon;Tom Sizemore|DreamWorks|USA|English|8.6|1500|70|482|A squad crosses Normandy to bring home a paratrooper whose brothers died in the war.
The Matrix|1999|136|R|Sci-Fi;Action|Lana Wachowski|Keanu Reeves;Laurence Fishburne;Carrie-Anne Moss|Warner Bros.|USA|English|8.7|2000|63|467|A hacker learns that reality is a simulation and joins the rebels fighting it.
Fight Club|1999|139|R|Drama;Thriller|David Fincher|Brad Pitt;Edward Norton;Helena Bonham Carter|20th Century Fox|USA|English|8.8|2300|63|101|An insomniac office worker and a soap salesman start an underground fight club.
American Beauty|1999|122|R|Drama|Sam Mendes|Kevin Spacey;Annette Bening;Thora Birch|DreamWorks|USA|English|8.3|1100|15|356|A suburban father in a midlife crisis reinvents himself with disastrous results.
The Sixth Sense|1999|107|PG_13|Thriller;Mystery|M. Night Shyamalan|Bruce Willis;Haley Joel Osment;Toni Collette|Hollywood Pictures|USA|English|8.2|1000|40|672|A child psychologist helps a boy who says he sees dead people.
Gladiator|2000|155|R|Action;Drama;History|Ridley Scott|Russell Crowe;Joaquin Phoenix;Connie Nielsen|DreamWorks|USA|English|8.5|1600|103|460|A betrayed Roman general returns as a gladiator to avenge his family.
Memento|2000|113|R|Mystery;Thriller|Christopher Nolan|Guy Pearce;Carrie-Anne Moss;Joe Pantoliano|Newmarket|USA|English|8.4|1300|9|40|A man with short-term memory loss hunts his wife's killer using notes and tattoos.
Amelie|2001|122|R|Comedy;Romance|Jean-Pierre Jeunet|Audrey Tautou;Mathieu Kassovitz;Rufus|UGC|France|French|8.3|760|10|174|A shy Parisian waitress quietly improves the lives of those around her.
Spirited Away|2001|125|PG|Animation;Fantasy;Family|Hayao Miyazaki|Rumi Hiiragi;Miyu Irino;Mari Natsuki|Studio Ghibli|Japan|Japanese|8.6|830|19|395|A girl must work in a bathhouse for spirits to free her parents from a spell.
The Fellowship of the Ring|2001|178|PG_13|Fantasy;Adventure|Peter Jackson|Elijah Wood;Ian McKellen;Viggo Mortensen|New Line Cinema|New Zealand|English|8.9|2100|93|898|A hobbit sets out with eight companions to destroy a ring of power.
City of God|2002|130|R|Crime;Drama|Fernando Meirelles|Alexandre Rodrigues;Leandro Firmino;Matheus Nachtergaele|O2 Filmes|Brazil|Portuguese|8.6|790|3.3|30|Two boys from a Rio favela take opposite paths: photography and crime.
The Pianist|2002|150|R|Biography;Drama;War|Roman Polanski|Adrien Brody;Thomas Kretschmann;Frank Finlay|Focus Features|France|English|8.5|920|35|120|A Jewish pianist struggles to survive the destruction of the Warsaw ghetto.
Finding Nemo|2003|100|G|Animation;Family;Adventure|Andrew Stanton|Albert Brooks;Ellen DeGeneres;Alexander Gould|Pixar|USA|English|8.2|1100|94|940|An anxious clownfish crosses the ocean to rescue his son.
Kill Bill: Vol. 1|2003|111|R|Action;Crime|Quentin Tarantino|Uma Thurman;Lucy Liu;Vivica A. Fox|Miramax|USA|English|8.2|1200|30|180|A betrayed assassin starts her revenge list in Tokyo.
Oldboy|2003|120|R|Mystery;Thriller;Action|Park Chan-wook|Choi Min-sik;Yoo Ji-tae;Kang Hye-jung|Show East|South Korea|Korean|8.3|600|3|15|A man freed after fifteen years of captivity hunts his captor.
Eternal Sunshine of the Spotless Mind|2004|108|R|Drama;Romance;Sci-Fi|Michel Gondry|Jim Carrey;Kate Winslet;Kirsten Dunst|Focus Features|USA|English|8.3|1100|20|74|A couple erases each other from memory, then falls in love again.
The Incredibles|2004|115|PG|Animation;Family;Action|Brad Bird|Craig T. Nelson;Holly Hunter;Samuel L. Jackson|Pixar|USA|English|8|780|92|631|A family of retired superheroes is forced back into action.
Batman Begins|2005|140|PG_13|Action;Crime;Drama|Christopher Nolan|Christian Bale;Michael Caine;Liam Neeson|Warner Bros.|USA|English|8.2|1500|150|373|Bruce Wayne trains abroad and returns to defend a corrupt Gotham.
Pan's Labyrinth|2006|118|R|Fantasy;Drama;War|Guillermo del Toro|Ivana Baquero;Sergi Lopez;Maribel Verdu|Estudios Picasso|Mexico|Spanish|8.2|700|19|83|A girl in Franco's Spain escapes into a dark fantasy world.
The Departed|2006|151|R|Crime;Thriller;Drama|Martin Scorsese|Leonardo DiCaprio;Matt Damon;Jack Nicholson|Warner Bros.|USA|English|8.5|1400|90|291|An undercover cop and a mole in the police race to expose each other in Boston.
The Prestige|2006|130|PG_13|Mystery;Drama;Sci-Fi|Christopher Nolan|Christian Bale;Hugh Jackman;Michael Caine|Touchstone|USA|English|8.5|1400|40|109|Two rival magicians escalate a feud over the perfect trick.
No Country for Old Men|2007|122|R|Crime;Thriller;Western|Ethan Coen|Javier Bardem;Josh Brolin;Tommy Lee Jones|Miramax|USA|English|8.2|1000|25|171|A hunter finds drug money in the desert and is chased by a relentless killer.
Ratatouille|2007|111|G|Animation;Family;Comedy|Brad Bird|Patton Oswalt;Lou Romano;Ian Holm|Pixar|USA|English|8.1|790|150|623|A rat with a gift for cooking teams up with a clumsy kitchen worker in Paris.
The Dark Knight|2008|152|PG_13|Action;Crime;Drama|Christopher Nolan|Christian Bale;Heath Ledger;Aaron Eckhart|Warner Bros.|USA|English|9|2900|185|1006|Batman faces a chaos-loving criminal who pushes Gotham to the edge.
WALL-E|2008|98|G|Animation;Family;Sci-Fi|Andrew Stanton|Ben Burtt;Elissa Knight;Jeff Garlin|Pixar|USA|English|8.4|1200|180|521|A lonely cleanup robot on an abandoned Earth follows a probe into space.
Slumdog Millionaire|2008|120|R|Drama;Romance|Danny Boyle|Dev Patel;Freida Pinto;Anil Kapoor|Celador|UK|English|8|900|15|378|A street kid on a quiz show recalls how his life gave him each answer.
Inglourious Basterds|2009|153|R|War;Drama;Adventure|Quentin Tarantino|Brad Pitt;Christoph Waltz;Melanie Laurent|Universal|USA|English|8.4|1500|70|321|Allied soldiers and a cinema owner plot separate attacks on the Nazi leadership.
Avatar|2009|162|PG_13|Sci-Fi;Adventure;Action|James Cameron|Sam Worthington;Zoe Saldana;Sigourney Weaver|20th Century Fox|USA|English|7.9|1400|237|2923|A paralyzed marine joins an alien people and must choose a side in a resource war.
Up|2009|96|PG|Animation;Family;Adventure|Pete Docter|Edward Asner;Jordan Nagai;Christopher Plummer|Pixar|USA|English|8.3|1100|175|735|An old widower ties thousands of balloons to his house and flies to South America.
Inception|2010|148|PG_13|Sci-Fi;Action;Thriller|Christopher Nolan|Leonardo DiCaprio;Joseph Gordon-Levitt;Elliot Page|Warner Bros.|USA|English|8.8|2600|160|837|A thief who steals secrets from dreams is offered a job planting an idea.
The Social Network|2010|120|PG_13|Biography;Drama|David Fincher|Jesse Eisenberg;Andrew Garfield;Justin Timberlake|Columbia|USA|English|7.8|750|40|225|The founding of a website that changed how people connect, and the lawsuits that followed.
The King's Speech|2010|118|R|Biography;Drama;History|Tom Hooper|Colin Firth;Geoffrey Rush;Helena Bonham Carter|Weinstein Company|UK|English|8|730|15|427|A stammering king works with an unorthodox speech therapist before WWII.
Drive|2011|100|R|Crime;Drama;Action|Nicolas Winding Refn|Ryan Gosling;Carey Mulligan;Bryan Cranston|FilmDistrict|USA|English|7.8|650|15|81|A stunt driver who moonlights as a getaway driver protects his neighbor.
Django Unchained|2012|165|R|Western;Drama|Quentin Tarantino|Jamie Foxx;Christoph Waltz;Leonardo DiCaprio|Columbia|USA|English|8.5|1700|100|426|A freed slave and a bounty hunter set out to rescue his wife from a plantation owner.
The Avengers|2012|143|PG_13|Action;Sci-Fi;Adventure|Joss Whedon|Robert Downey Jr.;Chris Evans;Scarlett Johansson|Marvel Studios|USA|English|8|1400|220|1520|Earth's mightiest heroes unite to stop an alien invasion led by Loki.
Gravity|2013|91|PG_13|Sci-Fi;Thriller|Alfonso Cuaron|Sandra Bullock;George Clooney;Ed Harris|Warner Bros.|UK|English|7.7|900|100|723|Two astronauts adrift after debris destroys their shuttle fight to get back to Earth.
12 Years a Slave|2013|134|R|Biography;Drama;History|Steve McQueen|Chiwetel Ejiofor;Michael Fassbender;Lupita Nyong'o|Fox Searchlight|UK|English|8.1|720|20|188|A free Black man is kidnapped and sold into slavery in 1841.
Interstellar|2014|169|PG_13|Sci-Fi;Adventure;Drama|Christopher Nolan|Matthew McConaughey;Anne Hathaway;Jessica Chastain|Paramount|USA|English|8.7|2200|165|773|Explorers travel through a wormhole in search of a new home for humanity.
Whiplash|2014|106|R|Drama;Musical|Damien Chazelle|Miles Teller;J.K. Simmons;Paul Reiser|Sony Pictures Classics|USA|English|8.5|1000|3.3|49|A young drummer is pushed to the limit by a ruthless conservatory teacher.
The Grand Budapest Hotel|2014|99|R|Comedy;Adventure;Crime|Wes Anderson|Ralph Fiennes;Tony Revolori;F. Murray Abraham|Fox Searchlight|USA|English|8.1|900|25|174|A legendary concierge and his lobby boy are tangled in the theft of a priceless painting.
Mad Max: Fury Road|2015|120|R|Action;Adventure;Sci-Fi|George Miller|Tom Hardy;Charlize Theron;Nicholas Hoult|Warner Bros.|Australia|English|8.1|1100|150|380|A drifter and a rebel commander cross the wasteland in a desperate escape.
The Revenant|2015|156|R|Adventure;Drama;Western|Alejandro G. Inarritu|Leonardo DiCaprio;Tom Hardy;Domhnall Gleeson|20th Century Fox|USA|English|8|830|135|533|A frontiersman left for dead crawls across winter wilderness to take revenge.
La La Land|2016|128|PG_13|Musical;Romance;Comedy|Damien Chazelle|Ryan Gosling;Emma Stone;John Legend|Lionsgate|USA|English|8|700|30|446|A jazz pianist and an aspiring actress chase dreams and each other in Los Angeles.
Arrival|2016|116|PG_13|Sci-Fi;Drama;Mystery|Denis Villeneuve|Amy Adams;Jeremy Renner;Forest Whitaker|Paramount|USA|English|7.9|700|47|203|A linguist is recruited to communicate with aliens whose ships have landed on Earth.
Moonlight|2016|111|R|Drama|Barry Jenkins|Trevante Rhodes;Mahershala Ali;Naomie Harris|A24|USA|English|7.4|400|1.5|65|A young man grows up in Miami, searching for identity and tenderness.
Get Out|2017|104|R|Horror;Mystery;Thriller|Jordan Peele|Daniel Kaluuya;Allison Williams;Catherine Keener|Universal|USA|English|7.7|650|4.5|255|A Black photographer visits his girlfriend's family and finds something sinister.
Blade Runner 2049|2017|164|R|Sci-Fi;Drama;Mystery|Denis Villeneuve|Ryan Gosling;Harrison Ford;Ana de Armas|Warner Bros.|USA|English|8|630|150|259|A new blade runner uncovers a secret that could plunge society into chaos.
Coco|2017|105|PG|Animation;Family;Fantasy|Lee Unkrich|Anthony Gonzalez;Gael Garcia Bernal;Benjamin Bratt|Pixar|USA|English|8.4|580|175|807|A boy who dreams of being a musician enters the Land of the Dead.
Black Panther|2018|134|PG_13|Action;Adventure;Sci-Fi|Ryan Coogler|Chadwick Boseman;Michael B. Jordan;Lupita Nyong'o|Marvel Studios|USA|English|7.3|780|200|1347|A young king returns to Wakanda and faces a challenger to the throne.
Roma|2018|135|R|Drama|Alfonso Cuaron|Yalitza Aparicio;Marina de Tavira;Diego Cortina Autrey|Netflix|Mexico|Spanish|7.7|250|15|5|A year in the life of a domestic worker in 1970s Mexico City.
Parasite|2019|132|R|Thriller;Comedy;Drama|Bong Joon-ho|Song Kang-ho;Lee Sun-kyun;Cho Yeo-jeong|Barunson E&A|South Korea|Korean|8.5|1000|11|262|A poor family schemes its way into the lives of a wealthy household.
Joker|2019|122|R|Crime;Drama;Thriller|Todd Phillips|Joaquin Phoenix;Robert De Niro;Zazie Beetz|Warner Bros.|USA|English|8.4|1400|55|1079|A failing comedian in Gotham descends into madness and violence.
1917|2019|119|R|War;Drama|Sam Mendes|George MacKay;Dean-Charles Chapman;Mark Strong|Universal|UK|English|8.2|620|95|384|Two soldiers cross enemy lines to deliver a message that can save 1,600 men.
Once Upon a Time in Hollywood|2019|161|R|Comedy;Drama|Quentin Tarantino|Leonardo DiCaprio;Brad Pitt;Margot Robbie|Columbia|USA|English|7.6|900|90|377|A fading TV actor and his stunt double navigate Los Angeles in 1969.
Soul|2020|100|PG|Animation;Family;Fantasy|Pete Docter|Jamie Foxx;Tina Fey;Graham Norton|Pixar|USA|English|8.0|400|150|121|A jazz teacher gets separated from his body and discovers what makes a life worth living.
Nomadland|2020|108|R|Drama|Chloe Zhao|Frances McDormand;David Strathairn;Linda May|Searchlight|USA|English|7.3|180|5|39|A widow takes to the road in a van after her town disappears.
Dune|2021|155|PG_13|Sci-Fi;Adventure;Drama|Denis Villeneuve|Timothee Chalamet;Rebecca Ferguson;Oscar Isaac|Warner Bros.|USA|English|8|700|165|407|A noble heir is thrust into war over a desert planet and its precious spice.
Spider-Man: No Way Home|2021|148|PG_13|Action;Adventure;Fantasy|Jon Watts|Tom Holland;Zendaya;Benedict Cumberbatch|Sony Pictures|USA|English|8.2|900|200|1922|A botched spell opens the multiverse and brings old enemies into Peter Parker's world.
Everything Everywhere All at Once|2022|139|R|Sci-Fi;Comedy;Action|Daniel Kwan|Michelle Yeoh;Ke Huy Quan;Stephanie Hsu|A24|USA|English|7.8|600|25|143|A laundromat owner must connect with versions of herself across the multiverse.
Top Gun: Maverick|2022|130|PG_13|Action;Drama|Joseph Kosinski|Tom Cruise;Miles Teller;Jennifer Connelly|Paramount|USA|English|8.2|700|170|1496|A veteran pilot trains a new generation for an impossible mission.
Oppenheimer|2023|180|R|Biography;Drama;History|Christopher Nolan|Cillian Murphy;Emily Blunt;Robert Downey Jr.|Universal|USA|English|8.3|800|100|975|The physicist who led the Manhattan Project wrestles with what he built.
Barbie|2023|114|PG_13|Comedy;Fantasy;Adventure|Greta Gerwig|Margot Robbie;Ryan Gosling;America Ferrera|Warner Bros.|USA|English|6.8|600|145|1446|A doll leaves Barbie Land and discovers the real world.
Poor Things|2023|141|R|Comedy;Sci-Fi;Romance|Yorgos Lanthimos|Emma Stone;Mark Ruffalo;Willem Dafoe|Searchlight|UK|English|7.8|300|35|117|A reanimated woman sets out on a wild journey of self-discovery.
Spider-Man: Across the Spider-Verse|2023|140|PG|Animation;Action;Adventure|Joaquim Dos Santos|Shameik Moore;Hailee Steinfeld;Oscar Isaac|Sony Pictures|USA|English|8.6|400|100|690|Miles Morales meets a multiverse team of Spider-People and defies their rules.
Dune: Part Two|2024|166|PG_13|Sci-Fi;Adventure;Drama|Denis Villeneuve|Timothee Chalamet;Zendaya;Rebecca Ferguson|Warner Bros.|USA|English|8.5|600|190|714|Paul joins the Fremen and chooses between revenge and the fate of the universe.
Inside Out 2|2024|96|PG|Animation;Family;Comedy|Kelsey Mann|Amy Poehler;Maya Hawke;Kensington Tallman|Pixar|USA|English|7.6|250|200|1699|New emotions crowd into Riley's mind as she becomes a teenager.
The Substance|2024|141|R|Horror;Sci-Fi|Coralie Fargeat|Demi Moore;Margaret Qualley;Dennis Quaid|Working Title|UK|English|7.3|250|17.5|77|A fading star uses a black-market drug that creates a younger version of herself.
